id,title,url,rank
44028153,Don't Guess My Language,https://vitonsky.net/blog/2025/05/17/language-detection/,1
44028250,Telum II at Hot Chips 2024: Mainframe with a Unique Caching Strategy,https://chipsandcheese.com/p/telum-ii-at-hot-chips-2024-mainframe-with-a-unique-caching-strategy,2
44029142,ClawPDF – Open-Source Virtual/Network PDF Printer with OCR and Image Support,https://github.com/clawsoftware/clawPDF,3
44027867,Side projects I've built since 2009,https://naeemnur.com/side-projects/,4
44020832,InventWood is about to mass-produce wood that's stronger than steel,https://techcrunch.com/2025/05/12/inventwood-is-about-to-mass-produce-wood-thats-stronger-than-steel/,5
44028435,How scrolling becomes a religious act,https://etymology.substack.com/p/youre-literally-worshipping-your,6
44026799,"Show HN: Goboscript, text-based programming language, compiles to Scratch",https://github.com/aspizu/goboscript,7
44027768,Emulator Debugging: Area 5150's Lake Effect,https://martypc.blogspot.com/2025/05/emulator-debugging-area-5150s-lake.html,8
43995067,"New research reveals the strongest solar event ever detected, in 12350 BC",https://phys.org/news/2025-05-reveals-strongest-solar-event-bc.html,9
44025439,“There are people who can see and others who cannot even look”,https://worldhistory.substack.com/p/there-are-people-who-can-see-and,10
43993311,Llama from scratch (2023),https://blog.briankitano.com/llama-from-scratch/,11
44028384,Is Winter Coming? (2024),https://www.datagubbe.se/winter/,12
44028483,Monitoring Node.js: Key Metrics You Should Track,https://last9.io/blog/node-js-key-metrics/,13
44022448,Ditching Obsidian and building my own,https://amberwilliams.io/blogs/building-my-own-pkms,14
44023634,Show HN: Sshsync – CLI tool to run shell commands across multiple remote servers,https://github.com/Blackmamoth/sshsync,15
43996515,Show HN: Cogitator – A Python Toolkit for Chain-of-Thought Prompting,https://github.com/habedi/cogitator,16
44025484,Show HN: Job board aggregator for best paying remote SWE jobs in the U.S.,https://www.remoteswe.fyi,17
44028566,"The White House, LLC",https://english.elpais.com/economy-and-business/2025-05-19/the-white-house-llc.html,18
44026201,"The principles of database design, or, the Truth is out there",https://ebellani.github.io/blog/2025/the-principles-of-database-design-or-the-truth-is-out-there/,19
44012418,Programming in Martin-Lof's Type Theory: An Introduction (1990),https://www.cse.chalmers.se/research/group/logic/book/,20
44022353,Show HN: I modeled the Voynich Manuscript with SBERT to test for structure,https://github.com/brianmg/voynich-nlp-analysis,21
44013868,Ugly infrastructure: Why can't we have nice things?,https://jordanwtaylor2.substack.com/p/ugly-infrastructure-why-cant-we-have,22
44028587,'Significant amount' of private data stolen in UK Legal Aid hack,https://www.bbc.co.uk/news/articles/cgr5g4pv2l0o,23
44022215,"What do wealthy people buy, that ordinary people know nothing about? (2015)",https://old.reddit.com/r/AskReddit/comments/2s9u0s/comment/cnnmca8/,24
44024784,KDE is finally getting a native virtual machine manager called “Karton”,https://www.neowin.net/news/kde-is-finally-getting-a-native-virtual-machine-manager-called-karton/,25
44024759,France Endorses UN Open Source Principles,https://social.numerique.gouv.fr/@codegouvfr/114529954373492878,26
44027379,What does the end of mathematics look like?,https://www.awanderingmind.blog/posts/2025-05-18-what-does-the-end-of-mathematics-look-like.html,27
44012283,Procolored printer drivers contained malware,https://www.neowin.net/news/this-printer-company-served-you-malware-for-months-and-dismissed-it-as-false-positives/,28
44022225,Spaced Repetition Memory System,https://notes.andymatuschak.org/Spaced_repetition_memory_system,29
44022758,$30 Homebrew Automated Blinds Opener,https://sifter.org/~simon/journal/20240718.html,30
