title,score,num_comments,author
HEY! If anyone should care about NET NEUTRALITY it's this sub!,10590,367,mcsharp
The marketing genius of Lil Nas X,7996,513,harrydry
My secret steps to becoming a millionaire,7558,941,johnnytlaw
"3 months ago I posted the exact process on how I sold $150,000 selling T-shirt on Amazon. I will now explain the exact steps you can take to earn your first $1,000,000 selling on Amazon via the Shopify integration with ZERO inventory.",6574,1432,W1ZZ4RD
"I started my business with 25$,now I make 5$ a day as profit.",6489,647,ubuntrux
Any tips on successfully leveraging PR to jumpstart a new company?,5371,73,Errorcode2009
So I'm done with all this #hustle lifestyle,4779,614,rektgod
Spent 4 years making an app that now generates $4/month. AMA.,4601,744,hydrangers
4 years ago I wrote a case study on reddit on my $4k per month local business. I've since built that company into a multi-million dollar company and the redditors that followed are now doing a combined $50 million dollars per year! Updated case study and AMA.,4353,820,localcasestudy
